,path
0,data/Test data/1000.jpg
1,data/Test data/1001.jpg
2,data/Test data/1002.jpg
3,data/Test data/1003.jpg
4,data/Test data/1004.jpg
5,data/Test data/1005.jpg
6,data/Test data/1006.jpg
7,data/Test data/1007.jpg
8,data/Test data/1008.jpg
9,data/Test data/1009.jpg
10,data/Test data/1010.jpg
11,data/Test data/1011.jpg
12,data/Test data/1012.jpg
13,data/Test data/1013.jpg
14,data/Test data/1014.jpg
15,data/Test data/1015.jpg
16,data/Test data/1016.jpg
17,data/Test data/1017.jpg
18,data/Test data/1018.jpg
19,data/Test data/1019.jpg
20,data/Test data/1020.jpg
21,data/Test data/1021.jpg
22,data/Test data/1022.jpg
23,data/Test data/1023.jpg
24,data/Test data/1024.jpg
25,data/Test data/1025.jpg
26,data/Test data/1026.jpg
27,data/Test data/1027.jpg
28,data/Test data/1028.jpg
29,data/Test data/1029.jpg
30,data/Test data/1030.jpg
31,data/Test data/1031.jpg
32,data/Test data/1032.jpg
33,data/Test data/1033.jpg
34,data/Test data/1034.jpg
35,data/Test data/1035.jpg
36,data/Test data/1036.jpg
37,data/Test data/1037.jpg
38,data/Test data/1038.jpg
39,data/Test data/1039.jpg
40,data/Test data/1040.jpg
41,data/Test data/1041.jpg
42,data/Test data/1042.jpg
43,data/Test data/1043.jpg
44,data/Test data/1044.jpg
45,data/Test data/1045.jpg
46,data/Test data/1046.jpg
47,data/Test data/1047.jpg
48,data/Test data/1048.jpg
49,data/Test data/1049.jpg
50,data/Test data/1050.jpg
51,data/Test data/1051.jpg
52,data/Test data/1052.jpg
53,data/Test data/1053.jpg
54,data/Test data/1054.jpg
55,data/Test data/1055.jpg
56,data/Test data/1056.jpg
57,data/Test data/1057.jpg
58,data/Test data/1058.jpg
59,data/Test data/1059.jpg
60,data/Test data/1060.jpg
61,data/Test data/1061.jpg
62,data/Test data/1062.jpg
63,data/Test data/1063.jpg
64,data/Test data/1064.jpg
65,data/Test data/1065.jpg
66,data/Test data/1066.jpg
67,data/Test data/1067.jpg
68,data/Test data/1068.jpg
69,data/Test data/1069.jpg
70,data/Test data/1070.jpg
71,data/Test data/1071.jpg
72,data/Test data/1072.jpg
73,data/Test data/1073.jpg
74,data/Test data/1074.jpg
75,data/Test data/1075.jpg
76,data/Test data/1076.jpg
77,data/Test data/1077.jpg
78,data/Test data/1078.jpg
79,data/Test data/1079.jpg
80,data/Test data/1080.jpg
81,data/Test data/1081.jpg
82,data/Test data/1082.jpg
83,data/Test data/1083.jpg
84,data/Test data/1084.jpg
85,data/Test data/1085.jpg
86,data/Test data/1086.jpg
87,data/Test data/1087.jpg
88,data/Test data/1088.jpg
89,data/Test data/1089.jpg
90,data/Test data/1090.jpg
91,data/Test data/1091.jpg
92,data/Test data/1092.jpg
93,data/Test data/1093.jpg
94,data/Test data/1094.jpg
95,data/Test data/1095.jpg
96,data/Test data/1096.jpg
97,data/Test data/1097.jpg
98,data/Test data/1098.jpg
99,data/Test data/1099.jpg
100,data/Test data/1100.jpg
101,data/Test data/1101.jpg
102,data/Test data/1102.jpg
103,data/Test data/1103.jpg
104,data/Test data/1104.jpg
105,data/Test data/1105.jpg
106,data/Test data/1106.jpg
107,data/Test data/1107.jpg
108,data/Test data/1108.jpg
109,data/Test data/1109.jpg
110,data/Test data/1110.jpg
111,data/Test data/1111.jpg
112,data/Test data/1112.jpg
113,data/Test data/1113.jpg
114,data/Test data/1114.jpg
115,data/Test data/1115.jpg
116,data/Test data/1116.jpg
117,data/Test data/1117.jpg
118,data/Test data/1118.jpg
119,data/Test data/1119.jpg
120,data/Test data/1120.jpg
121,data/Test data/1121.jpg
122,data/Test data/1122.jpg
123,data/Test data/1123.jpg
124,data/Test data/1124.jpg
125,data/Test data/1125.jpg
126,data/Test data/1126.jpg
127,data/Test data/1127.jpg
128,data/Test data/1128.jpg
129,data/Test data/1129.jpg
130,data/Test data/1130.jpg
131,data/Test data/1131.jpg
132,data/Test data/1132.jpg
133,data/Test data/1133.jpg
134,data/Test data/1134.jpg
135,data/Test data/1135.jpg
136,data/Test data/1136.jpg
137,data/Test data/1137.jpg
138,data/Test data/1138.jpg
139,data/Test data/1139.jpg
140,data/Test data/1140.jpg
141,data/Test data/1141.jpg
142,data/Test data/1142.jpg
143,data/Test data/1143.jpg
144,data/Test data/1144.jpg
145,data/Test data/1145.jpg
146,data/Test data/1146.jpg
147,data/Test data/1147.jpg
148,data/Test data/1148.jpg
149,data/Test data/1149.jpg
150,data/Test data/1150.jpg
151,data/Test data/1151.jpg
152,data/Test data/1152.jpg
153,data/Test data/1153.jpg
154,data/Test data/1154.jpg
155,data/Test data/1155.jpg
156,data/Test data/1156.jpg
157,data/Test data/1157.jpg
158,data/Test data/1158.jpg
159,data/Test data/1159.jpg
160,data/Test data/1160.jpg
161,data/Test data/1161.jpg
162,data/Test data/1162.jpg
163,data/Test data/1163.jpg
164,data/Test data/1164.jpg
165,data/Test data/1165.jpg
166,data/Test data/1166.jpg
167,data/Test data/1167.jpg
168,data/Test data/1168.jpg
169,data/Test data/1169.jpg
170,data/Test data/1170.jpg
171,data/Test data/1171.jpg
172,data/Test data/1172.jpg
173,data/Test data/1173.jpg
174,data/Test data/1174.jpg
175,data/Test data/1175.jpg
176,data/Test data/1176.jpg
177,data/Test data/1177.jpg
178,data/Test data/1178.jpg
179,data/Test data/1179.jpg
180,data/Test data/1180.jpg
181,data/Test data/1181.jpg
182,data/Test data/1182.jpg
183,data/Test data/1183.jpg
184,data/Test data/1184.jpg
185,data/Test data/1185.jpg
186,data/Test data/1186.jpg
187,data/Test data/1187.jpg
188,data/Test data/1188.jpg
189,data/Test data/1189.jpg
190,data/Test data/1190.jpg
191,data/Test data/1191.jpg
192,data/Test data/1192.jpg
193,data/Test data/1193.jpg
194,data/Test data/1194.jpg
195,data/Test data/1195.jpg
196,data/Test data/1196.jpg
197,data/Test data/1197.jpg
198,data/Test data/1198.jpg
199,data/Test data/1199.jpg
200,data/Test data/1200.jpg
201,data/Test data/1201.jpg
202,data/Test data/1202.jpg
203,data/Test data/1203.jpg
204,data/Test data/1204.jpg
205,data/Test data/1205.jpg
206,data/Test data/1206.jpg
207,data/Test data/1207.jpg
208,data/Test data/1208.jpg
209,data/Test data/1209.jpg
210,data/Test data/1210.jpg
211,data/Test data/1211.jpg
212,data/Test data/1212.jpg
213,data/Test data/1213.jpg
214,data/Test data/1214.jpg
215,data/Test data/1215.jpg
216,data/Test data/1216.jpg
217,data/Test data/1217.jpg
218,data/Test data/1218.jpg
219,data/Test data/1219.jpg
220,data/Test data/1220.jpg
221,data/Test data/1221.jpg
222,data/Test data/1222.jpg
223,data/Test data/1223.jpg
224,data/Test data/1224.jpg
225,data/Test data/1225.jpg
226,data/Test data/1226.jpg
227,data/Test data/1227.jpg
228,data/Test data/1228.jpg
229,data/Test data/1229.jpg
230,data/Test data/1230.jpg
231,data/Test data/675.jpg
232,data/Test data/676.jpg
233,data/Test data/677.jpg
234,data/Test data/678.jpg
235,data/Test data/679.jpg
236,data/Test data/680.jpg
237,data/Test data/681.jpg
238,data/Test data/682.jpg
239,data/Test data/683.jpg
240,data/Test data/684.jpg
241,data/Test data/685.jpg
242,data/Test data/686.jpg
243,data/Test data/687.jpg
244,data/Test data/688.jpg
245,data/Test data/689.jpg
246,data/Test data/690.jpg
247,data/Test data/691.jpg
248,data/Test data/692.jpg
249,data/Test data/693.jpg
250,data/Test data/694.jpg
251,data/Test data/695.jpg
252,data/Test data/696.jpg
253,data/Test data/697.jpg
254,data/Test data/698.jpg
255,data/Test data/699.jpg
256,data/Test data/700.jpg
257,data/Test data/701.jpg
258,data/Test data/702.jpg
259,data/Test data/703.jpg
260,data/Test data/704.jpg
261,data/Test data/705.jpg
262,data/Test data/706.jpg
263,data/Test data/707.jpg
264,data/Test data/708.jpg
265,data/Test data/709.jpg
266,data/Test data/710.jpg
267,data/Test data/711.jpg
268,data/Test data/712.jpg
269,data/Test data/713.jpg
270,data/Test data/714.jpg
271,data/Test data/715.jpg
272,data/Test data/716.jpg
273,data/Test data/717.jpg
274,data/Test data/718.jpg
275,data/Test data/719.jpg
276,data/Test data/720.jpg
277,data/Test data/721.jpg
278,data/Test data/722.jpg
279,data/Test data/723.jpg
280,data/Test data/724.jpg
281,data/Test data/725.jpg
282,data/Test data/726.jpg
283,data/Test data/727.jpg
284,data/Test data/728.jpg
285,data/Test data/729.jpg
286,data/Test data/730.jpg
287,data/Test data/731.jpg
288,data/Test data/732.jpg
289,data/Test data/733.jpg
290,data/Test data/734.jpg
291,data/Test data/735.jpg
292,data/Test data/736.jpg
293,data/Test data/737.jpg
294,data/Test data/738.jpg
295,data/Test data/739.jpg
296,data/Test data/740.jpg
297,data/Test data/741.jpg
298,data/Test data/742.jpg
299,data/Test data/743.jpg
300,data/Test data/744.jpg
301,data/Test data/745.jpg
302,data/Test data/746.jpg
303,data/Test data/747.jpg
304,data/Test data/748.jpg
305,data/Test data/749.jpg
306,data/Test data/750.jpg
307,data/Test data/751.jpg
308,data/Test data/752.jpg
309,data/Test data/753.jpg
310,data/Test data/754.jpg
311,data/Test data/755.jpg
312,data/Test data/756.jpg
313,data/Test data/757.jpg
314,data/Test data/758.jpg
315,data/Test data/759.jpg
316,data/Test data/760.jpg
317,data/Test data/761.jpg
318,data/Test data/762.jpg
319,data/Test data/763.jpg
320,data/Test data/764.jpg
321,data/Test data/765.jpg
322,data/Test data/766.jpg
323,data/Test data/767.jpg
324,data/Test data/768.jpg
325,data/Test data/769.jpg
326,data/Test data/770.jpg
327,data/Test data/771.jpg
328,data/Test data/772.jpg
329,data/Test data/773.jpg
330,data/Test data/774.jpg
331,data/Test data/775.jpg
332,data/Test data/776.jpg
333,data/Test data/777.jpg
334,data/Test data/778.jpg
335,data/Test data/779.jpg
336,data/Test data/780.jpg
337,data/Test data/781.jpg
338,data/Test data/782.jpg
339,data/Test data/783.jpg
340,data/Test data/784.jpg
341,data/Test data/785.jpg
342,data/Test data/786.jpg
343,data/Test data/787.jpg
344,data/Test data/788.jpg
345,data/Test data/789.jpg
346,data/Test data/790.jpg
347,data/Test data/791.jpg
348,data/Test data/792.jpg
349,data/Test data/793.jpg
350,data/Test data/794.jpg
351,data/Test data/795.jpg
352,data/Test data/796.jpg
353,data/Test data/797.jpg
354,data/Test data/798.jpg
355,data/Test data/799.jpg
356,data/Test data/800.jpg
357,data/Test data/801.jpg
358,data/Test data/802.jpg
359,data/Test data/803.jpg
360,data/Test data/804.jpg
361,data/Test data/805.jpg
362,data/Test data/806.jpg
363,data/Test data/807.jpg
364,data/Test data/808.jpg
365,data/Test data/809.jpg
366,data/Test data/810.jpg
367,data/Test data/811.jpg
368,data/Test data/812.jpg
369,data/Test data/813.jpg
370,data/Test data/814.jpg
371,data/Test data/815.jpg
372,data/Test data/816.jpg
373,data/Test data/817.jpg
374,data/Test data/818.jpg
375,data/Test data/819.jpg
376,data/Test data/820.jpg
377,data/Test data/821.jpg
378,data/Test data/822.jpg
379,data/Test data/823.jpg
380,data/Test data/824.jpg
381,data/Test data/825.jpg
382,data/Test data/826.jpg
383,data/Test data/827.jpg
384,data/Test data/828.jpg
385,data/Test data/829.jpg
386,data/Test data/830.jpg
387,data/Test data/831.jpg
388,data/Test data/832.jpg
389,data/Test data/833.jpg
390,data/Test data/834.jpg
391,data/Test data/835.jpg
392,data/Test data/836.jpg
393,data/Test data/837.jpg
394,data/Test data/838.jpg
395,data/Test data/839.jpg
396,data/Test data/840.jpg
397,data/Test data/841.jpg
398,data/Test data/842.jpg
399,data/Test data/843.jpg
400,data/Test data/844.jpg
401,data/Test data/845.jpg
402,data/Test data/846.jpg
403,data/Test data/847.jpg
404,data/Test data/848.jpg
405,data/Test data/849.jpg
406,data/Test data/850.jpg
407,data/Test data/851.jpg
408,data/Test data/852.jpg
409,data/Test data/853.jpg
410,data/Test data/854.jpg
411,data/Test data/855.jpg
412,data/Test data/856.jpg
413,data/Test data/857.jpg
414,data/Test data/858.jpg
415,data/Test data/859.jpg
416,data/Test data/860.jpg
417,data/Test data/861.jpg
418,data/Test data/862.jpg
419,data/Test data/863.jpg
420,data/Test data/864.jpg
421,data/Test data/865.jpg
422,data/Test data/866.jpg
423,data/Test data/867.jpg
424,data/Test data/868.jpg
425,data/Test data/869.jpg
426,data/Test data/870.jpg
427,data/Test data/871.jpg
428,data/Test data/872.jpg
429,data/Test data/873.jpg
430,data/Test data/874.jpg
431,data/Test data/875.jpg
432,data/Test data/876.jpg
433,data/Test data/877.jpg
434,data/Test data/878.jpg
435,data/Test data/879.jpg
436,data/Test data/880.jpg
437,data/Test data/881.jpg
438,data/Test data/882.jpg
439,data/Test data/883.jpg
440,data/Test data/884.jpg
441,data/Test data/885.jpg
442,data/Test data/886.jpg
443,data/Test data/887.jpg
444,data/Test data/888.jpg
445,data/Test data/889.jpg
446,data/Test data/890.jpg
447,data/Test data/891.jpg
448,data/Test data/892.jpg
449,data/Test data/893.jpg
450,data/Test data/894.jpg
451,data/Test data/895.jpg
452,data/Test data/896.jpg
453,data/Test data/897.jpg
454,data/Test data/898.jpg
455,data/Test data/899.jpg
456,data/Test data/900.jpg
457,data/Test data/901.jpg
458,data/Test data/902.jpg
459,data/Test data/903.jpg
460,data/Test data/904.jpg
461,data/Test data/905.jpg
462,data/Test data/906.jpg
463,data/Test data/907.jpg
464,data/Test data/908.jpg
465,data/Test data/909.jpg
466,data/Test data/910.jpg
467,data/Test data/911.jpg
468,data/Test data/912.jpg
469,data/Test data/913.jpg
470,data/Test data/914.jpg
471,data/Test data/915.jpg
472,data/Test data/916.jpg
473,data/Test data/917.jpg
474,data/Test data/918.jpg
475,data/Test data/919.jpg
476,data/Test data/920.jpg
477,data/Test data/921.jpg
478,data/Test data/922.jpg
479,data/Test data/923.jpg
480,data/Test data/924.jpg
481,data/Test data/925.jpg
482,data/Test data/926.jpg
483,data/Test data/927.jpg
484,data/Test data/928.jpg
485,data/Test data/929.jpg
486,data/Test data/930.jpg
487,data/Test data/931.jpg
488,data/Test data/932.jpg
489,data/Test data/933.jpg
490,data/Test data/934.jpg
491,data/Test data/935.jpg
492,data/Test data/936.jpg
493,data/Test data/937.jpg
494,data/Test data/938.jpg
495,data/Test data/939.jpg
496,data/Test data/940.jpg
497,data/Test data/941.jpg
498,data/Test data/942.jpg
499,data/Test data/943.jpg
500,data/Test data/944.jpg
501,data/Test data/945.jpg
502,data/Test data/946.jpg
503,data/Test data/947.jpg
504,data/Test data/948.jpg
505,data/Test data/949.jpg
506,data/Test data/950.jpg
507,data/Test data/951.jpg
508,data/Test data/952.jpg
509,data/Test data/953.jpg
510,data/Test data/954.jpg
511,data/Test data/955.jpg
512,data/Test data/956.jpg
513,data/Test data/957.jpg
514,data/Test data/958.jpg
515,data/Test data/959.jpg
516,data/Test data/960.jpg
517,data/Test data/961.jpg
518,data/Test data/962.jpg
519,data/Test data/963.jpg
520,data/Test data/964.jpg
521,data/Test data/965.jpg
522,data/Test data/966.jpg
523,data/Test data/967.jpg
524,data/Test data/968.jpg
525,data/Test data/969.jpg
526,data/Test data/970.jpg
527,data/Test data/971.jpg
528,data/Test data/972.jpg
529,data/Test data/973.jpg
530,data/Test data/974.jpg
531,data/Test data/975.jpg
532,data/Test data/976.jpg
533,data/Test data/977.jpg
534,data/Test data/978.jpg
535,data/Test data/979.jpg
536,data/Test data/980.jpg
537,data/Test data/981.jpg
538,data/Test data/982.jpg
539,data/Test data/983.jpg
540,data/Test data/984.jpg
541,data/Test data/985.jpg
542,data/Test data/986.jpg
543,data/Test data/987.jpg
544,data/Test data/988.jpg
545,data/Test data/989.jpg
546,data/Test data/990.jpg
547,data/Test data/991.jpg
548,data/Test data/992.jpg
549,data/Test data/993.jpg
550,data/Test data/994.jpg
551,data/Test data/995.jpg
552,data/Test data/996.jpg
553,data/Test data/997.jpg
554,data/Test data/998.jpg
555,data/Test data/999.jpg
556,data/Train data/1.jpg
557,data/Train data/10.jpg
558,data/Train data/100.jpg
559,data/Train data/101.jpg
560,data/Train data/102.jpg
561,data/Train data/103.jpg
562,data/Train data/104.jpg
563,data/Train data/105.jpg
564,data/Train data/106.jpg
565,data/Train data/107.jpg
566,data/Train data/108.jpg
567,data/Train data/109.jpg
568,data/Train data/11.jpg
569,data/Train data/110.jpg
570,data/Train data/111.jpg
571,data/Train data/112.jpg
572,data/Train data/113.jpg
573,data/Train data/114.jpg
574,data/Train data/115.jpg
575,data/Train data/116.jpg
576,data/Train data/117.jpg
577,data/Train data/118.jpg
578,data/Train data/119.jpg
579,data/Train data/12.jpg
580,data/Train data/120.jpg
581,data/Train data/121.jpg
582,data/Train data/122.jpg
583,data/Train data/123.jpg
584,data/Train data/124.jpg
585,data/Train data/125.jpg
586,data/Train data/126.jpg
587,data/Train data/127.jpg
588,data/Train data/128.jpg
589,data/Train data/129.jpg
590,data/Train data/13.jpg
591,data/Train data/130.jpg
592,data/Train data/131.jpg
593,data/Train data/132.jpg
594,data/Train data/133.jpg
595,data/Train data/134.jpg
596,data/Train data/135.jpg
597,data/Train data/136.jpg
598,data/Train data/137.jpg
599,data/Train data/138.jpg
600,data/Train data/139.jpg
601,data/Train data/14.jpg
602,data/Train data/140.jpg
603,data/Train data/141.jpg
604,data/Train data/142.jpg
605,data/Train data/143.jpg
606,data/Train data/144.jpg
607,data/Train data/145.jpg
608,data/Train data/146.jpg
609,data/Train data/147.jpg
610,data/Train data/148.jpg
611,data/Train data/149.jpg
612,data/Train data/15.jpg
613,data/Train data/150.jpg
614,data/Train data/151.jpg
615,data/Train data/152.jpg
616,data/Train data/153.jpg
617,data/Train data/154.jpg
618,data/Train data/155.jpg
619,data/Train data/156.jpg
620,data/Train data/157.jpg
621,data/Train data/158.jpg
622,data/Train data/159.jpg
623,data/Train data/16.jpg
624,data/Train data/160.jpg
625,data/Train data/161.jpg
626,data/Train data/162.jpg
627,data/Train data/163.jpg
628,data/Train data/164.jpg
629,data/Train data/165.jpg
630,data/Train data/166.jpg
631,data/Train data/167.jpg
632,data/Train data/168.jpg
633,data/Train data/169.jpg
634,data/Train data/17.jpg
635,data/Train data/170.jpg
636,data/Train data/171.jpg
637,data/Train data/172.jpg
638,data/Train data/173.jpg
639,data/Train data/174.jpg
640,data/Train data/175.jpg
641,data/Train data/176.jpg
642,data/Train data/177.jpg
643,data/Train data/178.jpg
644,data/Train data/179.jpg
645,data/Train data/18.jpg
646,data/Train data/180.jpg
647,data/Train data/181.jpg
648,data/Train data/182.jpg
649,data/Train data/183.jpg
650,data/Train data/184.jpg
651,data/Train data/185.jpg
652,data/Train data/186.jpg
653,data/Train data/187.jpg
654,data/Train data/188.jpg
655,data/Train data/189.jpg
656,data/Train data/19.jpg
657,data/Train data/190.jpg
658,data/Train data/191.jpg
659,data/Train data/192.jpg
660,data/Train data/193.jpg
661,data/Train data/194.jpg
662,data/Train data/195.jpg
663,data/Train data/196.jpg
664,data/Train data/197.jpg
665,data/Train data/198.jpg
666,data/Train data/199.jpg
667,data/Train data/2.jpg
668,data/Train data/20.jpg
669,data/Train data/200.jpg
670,data/Train data/201.jpg
671,data/Train data/202.jpg
672,data/Train data/203.jpg
673,data/Train data/204.jpg
674,data/Train data/205.jpg
675,data/Train data/206.jpg
676,data/Train data/207.jpg
677,data/Train data/208.jpg
678,data/Train data/209.jpg
679,data/Train data/21.jpg
680,data/Train data/210.jpg
681,data/Train data/211.jpg
682,data/Train data/212.jpg
683,data/Train data/213.jpg
684,data/Train data/214.jpg
685,data/Train data/215.jpg
686,data/Train data/216.jpg
687,data/Train data/217.jpg
688,data/Train data/218.jpg
689,data/Train data/219.jpg
690,data/Train data/22.jpg
691,data/Train data/220.jpg
692,data/Train data/221.jpg
693,data/Train data/222.jpg
694,data/Train data/223.jpg
695,data/Train data/224.jpg
696,data/Train data/225.jpg
697,data/Train data/226.jpg
698,data/Train data/227.jpg
699,data/Train data/228.jpg
700,data/Train data/229.jpg
701,data/Train data/23.jpg
702,data/Train data/230.jpg
703,data/Train data/231.jpg
704,data/Train data/232.jpg
705,data/Train data/233.jpg
706,data/Train data/234.jpg
707,data/Train data/235.jpg
708,data/Train data/236.jpg
709,data/Train data/237.jpg
710,data/Train data/238.jpg
711,data/Train data/239.jpg
712,data/Train data/24.jpg
713,data/Train data/240.jpg
714,data/Train data/241.jpg
715,data/Train data/242.jpg
716,data/Train data/243.jpg
717,data/Train data/244.jpg
718,data/Train data/245.jpg
719,data/Train data/246.jpg
720,data/Train data/247.jpg
721,data/Train data/248.jpg
722,data/Train data/249.jpg
723,data/Train data/25.jpg
724,data/Train data/250.jpg
725,data/Train data/251.jpg
726,data/Train data/252.jpg
727,data/Train data/253.jpg
728,data/Train data/254.jpg
729,data/Train data/255.jpg
730,data/Train data/256.jpg
731,data/Train data/257.jpg
732,data/Train data/258.jpg
733,data/Train data/259.jpg
734,data/Train data/26.jpg
735,data/Train data/260.jpg
736,data/Train data/261.jpg
737,data/Train data/262.jpg
738,data/Train data/263.jpg
739,data/Train data/264.jpg
740,data/Train data/265.jpg
741,data/Train data/266.jpg
742,data/Train data/267.jpg
743,data/Train data/268.jpg
744,data/Train data/269.jpg
745,data/Train data/27.jpg
746,data/Train data/270.jpg
747,data/Train data/271.jpg
748,data/Train data/272.jpg
749,data/Train data/273.jpg
750,data/Train data/274.jpg
751,data/Train data/275.jpg
752,data/Train data/276.jpg
753,data/Train data/277.jpg
754,data/Train data/278.jpg
755,data/Train data/279.jpg
756,data/Train data/28.jpg
757,data/Train data/280.jpg
758,data/Train data/281.jpg
759,data/Train data/282.jpg
760,data/Train data/283.jpg
761,data/Train data/284.jpg
762,data/Train data/285.jpg
763,data/Train data/286.jpg
764,data/Train data/287.jpg
765,data/Train data/288.jpg
766,data/Train data/289.jpg
767,data/Train data/29.jpg
768,data/Train data/290.jpg
769,data/Train data/291.jpg
770,data/Train data/292.jpg
771,data/Train data/293.jpg
772,data/Train data/294.jpg
773,data/Train data/295.jpg
774,data/Train data/296.jpg
775,data/Train data/297.jpg
776,data/Train data/298.jpg
777,data/Train data/299.jpg
778,data/Train data/3.jpg
779,data/Train data/30.jpg
780,data/Train data/300.jpg
781,data/Train data/301.jpg
782,data/Train data/302.jpg
783,data/Train data/303.jpg
784,data/Train data/304.jpg
785,data/Train data/305.jpg
786,data/Train data/306.jpg
787,data/Train data/307.jpg
788,data/Train data/308.jpg
789,data/Train data/309.jpg
790,data/Train data/31.jpg
791,data/Train data/310.jpg
792,data/Train data/311.jpg
793,data/Train data/312.jpg
794,data/Train data/313.jpg
795,data/Train data/314.jpg
796,data/Train data/315.jpg
797,data/Train data/316.jpg
798,data/Train data/317.jpg
799,data/Train data/318.jpg
800,data/Train data/319.jpg
801,data/Train data/32.jpg
802,data/Train data/320.jpg
803,data/Train data/321.jpg
804,data/Train data/322.jpg
805,data/Train data/323.jpg
806,data/Train data/324.jpg
807,data/Train data/325.jpg
808,data/Train data/326.jpg
809,data/Train data/327.jpg
810,data/Train data/328.jpg
811,data/Train data/329.jpg
812,data/Train data/33.jpg
813,data/Train data/330.jpg
814,data/Train data/331.jpg
815,data/Train data/332.jpg
816,data/Train data/333.jpg
817,data/Train data/334.jpg
818,data/Train data/335.jpg
819,data/Train data/336.jpg
820,data/Train data/337.jpg
821,data/Train data/338.jpg
822,data/Train data/339.jpg
823,data/Train data/34.jpg
824,data/Train data/340.jpg
825,data/Train data/341.jpg
826,data/Train data/342.jpg
827,data/Train data/343.jpg
828,data/Train data/344.jpg
829,data/Train data/345.jpg
830,data/Train data/346.jpg
831,data/Train data/347.jpg
832,data/Train data/348.jpg
833,data/Train data/349.jpg
834,data/Train data/35.jpg
835,data/Train data/350.jpg
836,data/Train data/351.jpg
837,data/Train data/352.jpg
838,data/Train data/353.jpg
839,data/Train data/354.jpg
840,data/Train data/355.jpg
841,data/Train data/356.jpg
842,data/Train data/357.jpg
843,data/Train data/358.jpg
844,data/Train data/359.jpg
845,data/Train data/36.jpg
846,data/Train data/360.jpg
847,data/Train data/361.jpg
848,data/Train data/362.jpg
849,data/Train data/363.jpg
850,data/Train data/364.jpg
851,data/Train data/365.jpg
852,data/Train data/366.jpg
853,data/Train data/367.jpg
854,data/Train data/368.jpg
855,data/Train data/369.jpg
856,data/Train data/37.jpg
857,data/Train data/370.jpg
858,data/Train data/371.jpg
859,data/Train data/372.jpg
860,data/Train data/373.jpg
861,data/Train data/374.jpg
862,data/Train data/375.jpg
863,data/Train data/376.jpg
864,data/Train data/377.jpg
865,data/Train data/378.jpg
866,data/Train data/379.jpg
867,data/Train data/38.jpg
868,data/Train data/380.jpg
869,data/Train data/381.jpg
870,data/Train data/382.jpg
871,data/Train data/383.jpg
872,data/Train data/384.jpg
873,data/Train data/385.jpg
874,data/Train data/386.jpg
875,data/Train data/387.jpg
876,data/Train data/388.jpg
877,data/Train data/389.jpg
878,data/Train data/39.jpg
879,data/Train data/390.jpg
880,data/Train data/391.jpg
881,data/Train data/392.jpg
882,data/Train data/393.jpg
883,data/Train data/394.jpg
884,data/Train data/395.jpg
885,data/Train data/396.jpg
886,data/Train data/397.jpg
887,data/Train data/398.jpg
888,data/Train data/399.jpg
889,data/Train data/4.jpg
890,data/Train data/40.jpg
891,data/Train data/400.jpg
892,data/Train data/401.jpg
893,data/Train data/402.jpg
894,data/Train data/403.jpg
895,data/Train data/404.jpg
896,data/Train data/405.jpg
897,data/Train data/406.jpg
898,data/Train data/407.jpg
899,data/Train data/408.jpg
900,data/Train data/409.jpg
901,data/Train data/41.jpg
902,data/Train data/410.jpg
903,data/Train data/411.jpg
904,data/Train data/412.jpg
905,data/Train data/413.jpg
906,data/Train data/414.jpg
907,data/Train data/415.jpg
908,data/Train data/416.jpg
909,data/Train data/417.jpg
910,data/Train data/418.jpg
911,data/Train data/419.jpg
912,data/Train data/42.jpg
913,data/Train data/420.jpg
914,data/Train data/421.jpg
915,data/Train data/422.jpg
916,data/Train data/423.jpg
917,data/Train data/424.jpg
918,data/Train data/425.jpg
919,data/Train data/426.jpg
920,data/Train data/427.jpg
921,data/Train data/428.jpg
922,data/Train data/429.jpg
923,data/Train data/43.jpg
924,data/Train data/430.jpg
925,data/Train data/431.jpg
926,data/Train data/432.jpg
927,data/Train data/433.jpg
928,data/Train data/434.jpg
929,data/Train data/435.jpg
930,data/Train data/436.jpg
931,data/Train data/437.jpg
932,data/Train data/438.jpg
933,data/Train data/439.jpg
934,data/Train data/44.jpg
935,data/Train data/440.jpg
936,data/Train data/441.jpg
937,data/Train data/442.jpg
938,data/Train data/443.jpg
939,data/Train data/444.jpg
940,data/Train data/445.jpg
941,data/Train data/446.jpg
942,data/Train data/447.jpg
943,data/Train data/448.jpg
944,data/Train data/449.jpg
945,data/Train data/45.jpg
946,data/Train data/450.jpg
947,data/Train data/451.jpg
948,data/Train data/452.jpg
949,data/Train data/453.jpg
950,data/Train data/454.jpg
951,data/Train data/455.jpg
952,data/Train data/456.jpg
953,data/Train data/457.jpg
954,data/Train data/458.jpg
955,data/Train data/459.jpg
956,data/Train data/46.jpg
957,data/Train data/460.jpg
958,data/Train data/461.jpg
959,data/Train data/462.jpg
960,data/Train data/463.jpg
961,data/Train data/464.jpg
962,data/Train data/465.jpg
963,data/Train data/466.jpg
964,data/Train data/467.jpg
965,data/Train data/468.jpg
966,data/Train data/469.jpg
967,data/Train data/47.jpg
968,data/Train data/470.jpg
969,data/Train data/471.jpg
970,data/Train data/472.jpg
971,data/Train data/473.jpg
972,data/Train data/474.jpg
973,data/Train data/475.jpg
974,data/Train data/476.jpg
975,data/Train data/477.jpg
976,data/Train data/478.jpg
977,data/Train data/479.jpg
978,data/Train data/48.jpg
979,data/Train data/480.jpg
980,data/Train data/481.jpg
981,data/Train data/482.jpg
982,data/Train data/483.jpg
983,data/Train data/484.jpg
984,data/Train data/485.jpg
985,data/Train data/486.jpg
986,data/Train data/487.jpg
987,data/Train data/488.jpg
988,data/Train data/489.jpg
989,data/Train data/49.jpg
990,data/Train data/490.jpg
991,data/Train data/491.jpg
992,data/Train data/492.jpg
993,data/Train data/493.jpg
994,data/Train data/494.jpg
995,data/Train data/495.jpg
996,data/Train data/496.jpg
997,data/Train data/497.jpg
998,data/Train data/498.jpg
999,data/Train data/499.jpg
1000,data/Train data/5.jpg
1001,data/Train data/50.jpg
1002,data/Train data/500.jpg
1003,data/Train data/501.jpg
1004,data/Train data/502.jpg
1005,data/Train data/503.jpg
1006,data/Train data/504.jpg
1007,data/Train data/505.jpg
1008,data/Train data/506.jpg
1009,data/Train data/507.jpg
1010,data/Train data/508.jpg
1011,data/Train data/509.jpg
1012,data/Train data/51.jpg
1013,data/Train data/510.jpg
1014,data/Train data/511.jpg
1015,data/Train data/512.jpg
1016,data/Train data/513.jpg
1017,data/Train data/514.jpg
1018,data/Train data/515.jpg
1019,data/Train data/516.jpg
1020,data/Train data/517.jpg
1021,data/Train data/518.jpg
1022,data/Train data/519.jpg
1023,data/Train data/52.jpg
1024,data/Train data/520.jpg
1025,data/Train data/521.jpg
1026,data/Train data/522.jpg
1027,data/Train data/523.jpg
1028,data/Train data/524.jpg
1029,data/Train data/525.jpg
1030,data/Train data/526.jpg
1031,data/Train data/527.jpg
1032,data/Train data/528.jpg
1033,data/Train data/529.jpg
1034,data/Train data/53.jpg
1035,data/Train data/530.jpg
1036,data/Train data/531.jpg
1037,data/Train data/532.jpg
1038,data/Train data/533.jpg
1039,data/Train data/534.jpg
1040,data/Train data/535.jpg
1041,data/Train data/536.jpg
1042,data/Train data/537.jpg
1043,data/Train data/538.jpg
1044,data/Train data/539.jpg
1045,data/Train data/54.jpg
1046,data/Train data/540.jpg
1047,data/Train data/541.jpg
1048,data/Train data/542.jpg
1049,data/Train data/543.jpg
1050,data/Train data/544.jpg
1051,data/Train data/545.jpg
1052,data/Train data/546.jpg
1053,data/Train data/547.jpg
1054,data/Train data/548.jpg
1055,data/Train data/549.jpg
1056,data/Train data/55.jpg
1057,data/Train data/550.jpg
1058,data/Train data/551.jpg
1059,data/Train data/552.jpg
1060,data/Train data/553.jpg
1061,data/Train data/554.jpg
1062,data/Train data/555.jpg
1063,data/Train data/556.jpg
1064,data/Train data/557.jpg
1065,data/Train data/558.jpg
1066,data/Train data/559.jpg
1067,data/Train data/56.jpg
1068,data/Train data/560.jpg
1069,data/Train data/561.jpg
1070,data/Train data/562.jpg
1071,data/Train data/563.jpg
1072,data/Train data/564.jpg
1073,data/Train data/565.jpg
1074,data/Train data/566.jpg
1075,data/Train data/567.jpg
1076,data/Train data/568.jpg
1077,data/Train data/569.jpg
1078,data/Train data/57.jpg
1079,data/Train data/570.jpg
1080,data/Train data/571.jpg
1081,data/Train data/572.jpg
1082,data/Train data/573.jpg
1083,data/Train data/574.jpg
1084,data/Train data/575.jpg
1085,data/Train data/576.jpg
1086,data/Train data/577.jpg
1087,data/Train data/578.jpg
1088,data/Train data/579.jpg
1089,data/Train data/58.jpg
1090,data/Train data/580.jpg
1091,data/Train data/581.jpg
1092,data/Train data/582.jpg
1093,data/Train data/583.jpg
1094,data/Train data/584.jpg
1095,data/Train data/585.jpg
1096,data/Train data/586.jpg
1097,data/Train data/587.jpg
1098,data/Train data/588.jpg
1099,data/Train data/589.jpg
1100,data/Train data/59.jpg
1101,data/Train data/590.jpg
1102,data/Train data/591.jpg
1103,data/Train data/592.jpg
1104,data/Train data/593.jpg
1105,data/Train data/594.jpg
1106,data/Train data/595.jpg
1107,data/Train data/596.jpg
1108,data/Train data/597.jpg
1109,data/Train data/598.jpg
1110,data/Train data/599.jpg
1111,data/Train data/6.jpg
1112,data/Train data/60.jpg
1113,data/Train data/600.jpg
1114,data/Train data/601.jpg
1115,data/Train data/602.jpg
1116,data/Train data/603.jpg
1117,data/Train data/604.jpg
1118,data/Train data/605.jpg
1119,data/Train data/606.jpg
1120,data/Train data/607.jpg
1121,data/Train data/608.jpg
1122,data/Train data/609.jpg
1123,data/Train data/61.jpg
1124,data/Train data/610.jpg
1125,data/Train data/611.jpg
1126,data/Train data/612.jpg
1127,data/Train data/613.jpg
1128,data/Train data/614.jpg
1129,data/Train data/615.jpg
1130,data/Train data/616.jpg
1131,data/Train data/617.jpg
1132,data/Train data/618.jpg
1133,data/Train data/619.jpg
1134,data/Train data/62.jpg
1135,data/Train data/620.jpg
1136,data/Train data/621.jpg
1137,data/Train data/622.jpg
1138,data/Train data/623.jpg
1139,data/Train data/624.jpg
1140,data/Train data/625.jpg
1141,data/Train data/626.jpg
1142,data/Train data/627.jpg
1143,data/Train data/628.jpg
1144,data/Train data/629.jpg
1145,data/Train data/63.jpg
1146,data/Train data/630.jpg
1147,data/Train data/631.jpg
1148,data/Train data/632.jpg
1149,data/Train data/633.jpg
1150,data/Train data/634.jpg
1151,data/Train data/635.jpg
1152,data/Train data/636.jpg
1153,data/Train data/637.jpg
1154,data/Train data/638.jpg
1155,data/Train data/639.jpg
1156,data/Train data/64.jpg
1157,data/Train data/640.jpg
1158,data/Train data/641.jpg
1159,data/Train data/642.jpg
1160,data/Train data/643.jpg
1161,data/Train data/644.jpg
1162,data/Train data/645.jpg
1163,data/Train data/646.jpg
1164,data/Train data/647.jpg
1165,data/Train data/648.jpg
1166,data/Train data/649.jpg
1167,data/Train data/65.jpg
1168,data/Train data/650.jpg
1169,data/Train data/651.jpg
1170,data/Train data/652.jpg
1171,data/Train data/653.jpg
1172,data/Train data/654.jpg
1173,data/Train data/655.jpg
1174,data/Train data/656.jpg
1175,data/Train data/657.jpg
1176,data/Train data/658.jpg
1177,data/Train data/659.jpg
1178,data/Train data/66.jpg
1179,data/Train data/660.jpg
1180,data/Train data/661.jpg
1181,data/Train data/662.jpg
1182,data/Train data/663.jpg
1183,data/Train data/664.jpg
1184,data/Train data/665.jpg
1185,data/Train data/666.jpg
1186,data/Train data/667.jpg
1187,data/Train data/668.jpg
1188,data/Train data/669.jpg
1189,data/Train data/67.jpg
1190,data/Train data/670.jpg
1191,data/Train data/671.jpg
1192,data/Train data/672.jpg
1193,data/Train data/673.jpg
1194,data/Train data/674.jpg
1195,data/Train data/68.jpg
1196,data/Train data/69.jpg
1197,data/Train data/7.jpg
1198,data/Train data/70.jpg
1199,data/Train data/71.jpg
1200,data/Train data/72.jpg
1201,data/Train data/73.jpg
1202,data/Train data/74.jpg
1203,data/Train data/75.jpg
1204,data/Train data/76.jpg
1205,data/Train data/77.jpg
1206,data/Train data/78.jpg
1207,data/Train data/79.jpg
1208,data/Train data/8.jpg
1209,data/Train data/80.jpg
1210,data/Train data/81.jpg
1211,data/Train data/82.jpg
1212,data/Train data/83.jpg
1213,data/Train data/84.jpg
1214,data/Train data/85.jpg
1215,data/Train data/86.jpg
1216,data/Train data/87.jpg
1217,data/Train data/88.jpg
1218,data/Train data/89.jpg
1219,data/Train data/9.jpg
1220,data/Train data/90.jpg
1221,data/Train data/91.jpg
1222,data/Train data/92.jpg
1223,data/Train data/93.jpg
1224,data/Train data/94.jpg
1225,data/Train data/95.jpg
1226,data/Train data/96.jpg
1227,data/Train data/97.jpg
1228,data/Train data/98.jpg
1229,data/Train data/99.jpg
